image_name,wear_category,clothing_type,fabric_type,wear_signs
new_shirt_aabbffbdeaf2.jpg,new,shirt,synthetic_fiber,new_worn
new_sneaker_6ccbd76e9b68.jpg,new,sneaker,leather,new_worn
new_sneaker_c2d549b96fa1.jpg,new,sneaker,leather,new_worn
new_kurta_7b543bbac196.jpg,new,kurta,synthetic_fiber,new_worn
new_kurta_e7c53d953284.jpg,new,kurta,synthetic_fiber,new_worn
new_sneaker_192108fea55e.jpg,new,sneaker,leather,new_worn
new_sandal_a267040762af.jpg,new,sandal,synthetic,new_worn
new_sweater_6deaf44e2093.jpg,new,sweater,wool,new_worn
new_sweater_d8f293e7e3f5.jpg,new,sweater,wool,new_worn
new_trouser_6feaebb47d90.jpg,new,trouser,synthetic_fiber,new_worn
new_waistcoat_8e6d0f27c390.jpg,new,waistcoat,synthetic_fiber,new_worn
new_sneaker_2361775246fc.jpg,new,sneaker,leather,new_worn
new_jacket_35bbe17b8d30.jpg,new,jacket,synthetic_fiber,new_worn
new_shirt_0b99d5b0e121.jpg,new,shirt,synthetic_fiber,new_worn
new_sneaker_44cb4ffcfa87.jpg,new,sneaker,leather,new_worn
new_heel_4a9d19835858.jpg,new,heel,synthetic,new_worn
new_kurta_a04a08b03469.jpg,new,kurta,synthetic_fiber,new_worn
new_boot_09a88cac9443.jpg,new,boot,synthetic,new_worn
new_coat_556e865e05df.jpg,new,coat,synthetic_fiber,new_worn
new_trouser_7107f649f5b0.jpg,new,trouser,synthetic_fiber,new_worn
new_jacket_9f96cfc1c2fe.jpg,new,jacket,synthetic_fiber,new_worn
new_sweater_56d818f5d663.jpg,new,sweater,wool,new_worn
new_shirt_d6f32ae5a6fe.jpg,new,shirt,synthetic_fiber,new_worn
new_sneaker_01eeb07eea8e.jpg,new,sneaker,leather,new_worn
new_boot_036a37033a62.jpg,new,boot,synthetic,new_worn
new_sneaker_3775af7e2a24.jpg,new,sneaker,leather,new_worn
new_sneaker_2608839dabd4.jpg,new,sneaker,leather,new_worn
new_sneaker_85f803876626.jpg,new,sneaker,leather,new_worn
new_kurta_9c967d4ea20c.jpg,new,kurta,synthetic_fiber,new_worn
new_coat_d97c36cd177b.jpg,new,coat,synthetic_fiber,new_worn
new_boot_9e643f78ca74.jpg,new,boot,synthetic,new_worn
new_kurta_e1a100b974ca.jpg,new,kurta,synthetic_fiber,new_worn
new_coat_da9cdcd10648.jpg,new,coat,synthetic_fiber,new_worn
new_shirt_a16a7a6bd06d.jpg,new,shirt,synthetic_fiber,new_worn
new_boot_1cab4d1aac8e.jpg,new,boot,synthetic,new_worn
new_sandal_f72a20b2c39c.jpg,new,sandal,synthetic,new_worn
new_sneaker_872b06469661.jpg,new,sneaker,leather,new_worn
new_shirt_b0a24b0bfab1.jpg,new,shirt,synthetic_fiber,new_worn
new_shirt_1f9a366220c6.jpg,new,shirt,synthetic_fiber,new_worn
new_jacket_3a53a6776cb8.jpg,new,jacket,synthetic_fiber,new_worn
new_waistcoat_b4f8e2957f45.jpg,new,waistcoat,synthetic_fiber,new_worn
new_trouser_88e162cb287a.jpg,new,trouser,synthetic_fiber,new_worn
new_sweater_c6903be55984.jpg,new,sweater,wool,new_worn
new_coat_eaecdb66dd2b.jpg,new,coat,synthetic_fiber,new_worn
new_coat_b4a960f81503.jpg,new,coat,synthetic_fiber,new_worn
new_sweater_3cd7d0222444.jpg,new,sweater,wool,new_worn
new_sneaker_a2764b0466d0.jpg,new,sneaker,leather,new_worn
new_trouser_0cf06bc63146.jpg,new,trouser,synthetic_fiber,new_worn
new_boot_fc0738553098.jpg,new,boot,synthetic,new_worn
new_shorts_fcace0673476.jpg,new,shorts,synthetic_fiber,new_worn
new_boot_fa0578fb3efc.jpg,new,boot,synthetic,new_worn
new_trouser_fb3c0a9aae7b.jpg,new,trouser,synthetic_fiber,new_worn
new_kurta_8560bc2fbed1.jpg,new,kurta,synthetic_fiber,new_worn
new_shirt_40ca9d3662d5.jpg,new,shirt,synthetic_fiber,new_worn
new_boot_db71e0900c1b.jpg,new,boot,synthetic,new_worn
new_trouser_6e4c72756e52.jpg,new,trouser,synthetic_fiber,new_worn
new_flat_42ad56e109e0.jpg,new,flat,synthetic,new_worn
new_trouser_0ff90fb72204.jpg,new,trouser,synthetic_fiber,new_worn
new_boot_ea178a6a815f.jpg,new,boot,synthetic,new_worn
new_sneaker_0d4b98c4e0c6.jpg,new,sneaker,leather,new_worn
new_heel_e84b45f53399.jpg,new,heel,synthetic,new_worn
new_coat_b5ad8b7c7cbb.jpg,new,coat,synthetic_fiber,new_worn
new_boot_2ab1e5cd4741.jpg,new,boot,synthetic,new_worn
new_waistcoat_b0426046a027.jpg,new,waistcoat,synthetic_fiber,new_worn
new_jacket_419b27465145.jpg,new,jacket,synthetic_fiber,new_worn
new_kurta_e6bc7fe54f76.jpg,new,kurta,synthetic_fiber,new_worn
new_boot_f0d0022863d7.jpg,new,boot,synthetic,new_worn
new_sweater_16e0c70b080a.jpg,new,sweater,wool,new_worn
new_sweater_9c87e86dcba5.jpg,new,sweater,wool,new_worn
new_shirt_1e9836a9e6fc.jpg,new,shirt,synthetic_fiber,new_worn
new_sandal_400364e8a14b.jpg,new,sandal,synthetic,new_worn
new_kurta_843cecec607b.jpg,new,kurta,synthetic_fiber,new_worn
new_kurta_2dad9a24329d.jpg,new,kurta,synthetic_fiber,new_worn
new_coat_f05a9dfeb7e8.jpg,new,coat,synthetic_fiber,new_worn
new_sneaker_63f69a2e8ef3.jpg,new,sneaker,leather,new_worn
new_boot_620498ddfa15.jpg,new,boot,synthetic,new_worn
new_kurta_baf30c9aea0a.jpg,new,kurta,synthetic_fiber,new_worn
new_coat_6ae6aef2a34e.jpg,new,coat,synthetic_fiber,new_worn
new_sweater_f6c046cd5391.jpg,new,sweater,wool,new_worn
new_sandal_61c97ab0617d.jpg,new,sandal,synthetic,new_worn
new_kurta_670b3f32c5a9.jpg,new,kurta,synthetic_fiber,new_worn
new_flat_b11cca8464a3.jpg,new,flat,synthetic,new_worn
new_boot_64658b013a3c.jpg,new,boot,synthetic,new_worn
new_sneaker_44fc9c977322.jpg,new,sneaker,leather,new_worn
new_boot_68dae98763bc.jpg,new,boot,synthetic,new_worn
new_trouser_53036eeba70e.jpg,new,trouser,synthetic_fiber,new_worn
new_shirt_c1b120219637.jpg,new,shirt,synthetic_fiber,new_worn
new_sandal_ad9acfb3d21f.jpg,new,sandal,synthetic,new_worn
new_sneaker_f7f92b4cd76e.jpg,new,sneaker,leather,new_worn
new_sneaker_01cc68ca73e8.jpg,new,sneaker,leather,new_worn
new_sneaker_92915d0ac7f0.jpg,new,sneaker,leather,new_worn
new_sneaker_6f92d8790734.jpg,new,sneaker,leather,new_worn
new_boot_4065aa322d82.jpg,new,boot,synthetic,new_worn
new_flat_3e37b065815d.jpg,new,flat,synthetic,new_worn
new_jacket_c85701fa9086.jpg,new,jacket,synthetic_fiber,new_worn
new_coat_59a304814273.jpg,new,coat,synthetic_fiber,new_worn
new_sweater_a307c76429ee.jpg,new,sweater,wool,new_worn
new_flat_b320dec05484.jpg,new,flat,synthetic,new_worn
new_sneaker_7d9226c6f672.jpg,new,sneaker,leather,new_worn
new_coat_66f78a14cd3e.jpg,new,coat,synthetic_fiber,new_worn
new_coat_683664792dfd.jpg,new,coat,synthetic_fiber,new_worn
new_coat_20af43fd55cb.jpg,new,coat,synthetic_fiber,new_worn
new_sweater_6e263cab3d18.jpg,new,sweater,wool,new_worn
new_sneaker_f5f77672ff4d.jpg,new,sneaker,leather,new_worn
new_sweater_9f7345001f79.jpg,new,sweater,wool,new_worn
new_jacket_44f700f09040.jpg,new,jacket,synthetic_fiber,new_worn
new_jacket_3eda22d1c1b1.jpg,new,jacket,synthetic_fiber,new_worn
new_waistcoat_47dba4200947.jpg,new,waistcoat,synthetic_fiber,new_worn
new_sneaker_f5234857c150.jpg,new,sneaker,leather,new_worn
new_trouser_860e626a703a.jpg,new,trouser,synthetic_fiber,new_worn
new_waistcoat_b53ac76f391e.jpg,new,waistcoat,synthetic_fiber,new_worn
new_sweater_d793eecf8228.jpg,new,sweater,wool,new_worn
new_trouser_f3104c1189b9.jpg,new,trouser,synthetic_fiber,new_worn
new_boot_f1210e59d823.jpg,new,boot,synthetic,new_worn
new_sweater_1ac9397ccd5e.jpg,new,sweater,wool,new_worn
new_sweater_1b094e8e08a1.jpg,new,sweater,wool,new_worn
new_flat_81b7a1f5deac.jpg,new,flat,synthetic,new_worn
new_shirt_623f72cd58fd.jpg,new,shirt,synthetic_fiber,new_worn
new_coat_3c2528e94f0d.jpg,new,coat,synthetic_fiber,new_worn
new_coat_fbcd077fdd5b.jpg,new,coat,synthetic_fiber,new_worn
new_coat_16b7a64c5bdb.jpg,new,coat,synthetic_fiber,new_worn
new_sweater_78b8877154fe.jpg,new,sweater,wool,new_worn
new_coat_90a3509ca893.jpg,new,coat,synthetic_fiber,new_worn
new_coat_75001722b06d.jpg,new,coat,synthetic_fiber,new_worn
new_coat_801c38c40a91.jpg,new,coat,synthetic_fiber,new_worn
new_trouser_be0cfd79e45a.jpg,new,trouser,synthetic_fiber,new_worn
new_sneaker_84b4c47af7ce.jpg,new,sneaker,leather,new_worn
new_jacket_54a235d9a33f.jpg,new,jacket,synthetic_fiber,new_worn
new_shorts_429a754d5429.jpg,new,shorts,synthetic_fiber,new_worn
new_coat_a4addaecc6c3.jpg,new,coat,synthetic_fiber,new_worn
new_shirt_f55a77480d0e.jpg,new,shirt,synthetic_fiber,new_worn
new_sneaker_4939738203d4.jpg,new,sneaker,leather,new_worn
new_coat_3157fdf41aba.jpg,new,coat,synthetic_fiber,new_worn
new_sneaker_d9fb32b5d9cd.jpg,new,sneaker,leather,new_worn
new_kurta_e35335d52e11.jpg,new,kurta,synthetic_fiber,new_worn
new_sneaker_af14301773ed.jpg,new,sneaker,leather,new_worn
new_kurta_854b18320f3c.jpg,new,kurta,synthetic_fiber,new_worn
new_shorts_1ce39c9959fc.jpg,new,shorts,synthetic_fiber,new_worn
new_sneaker_c3c8cf086864.jpg,new,sneaker,leather,new_worn
new_shorts_2800c3a21a67.jpg,new,shorts,synthetic_fiber,new_worn
new_heel_dd2be21646e7.jpg,new,heel,synthetic,new_worn
new_trouser_533aaa49edc9.jpg,new,trouser,synthetic_fiber,new_worn
new_sweater_b5c9e61e16a1.jpg,new,sweater,wool,new_worn
new_sweater_49424a7aa759.jpg,new,sweater,wool,new_worn
new_boot_63642e750593.jpg,new,boot,synthetic,new_worn
new_coat_12224c997f15.jpg,new,coat,synthetic_fiber,new_worn
new_sneaker_d08e2250b76b.jpg,new,sneaker,leather,new_worn
new_coat_dd88668e9252.jpg,new,coat,synthetic_fiber,new_worn
new_coat_80ae7b9a1119.jpg,new,coat,synthetic_fiber,new_worn
new_sweater_e1f2979f53be.jpg,new,sweater,wool,new_worn
new_coat_7a674d827fa4.jpg,new,coat,synthetic_fiber,new_worn
new_boot_4b638957fd91.jpg,new,boot,synthetic,new_worn
new_sneaker_0160c428b137.jpg,new,sneaker,leather,new_worn
new_sweater_64191c311eb7.jpg,new,sweater,wool,new_worn
new_boot_42efa9869942.jpg,new,boot,synthetic,new_worn
new_shirt_d91bdbe4847c.jpg,new,shirt,synthetic_fiber,new_worn
new_heel_aab5ce6a1f90.jpg,new,heel,synthetic,new_worn
new_trouser_0f0e4d200352.jpg,new,trouser,synthetic_fiber,new_worn
new_sweater_5899d8bffccc.jpg,new,sweater,wool,new_worn
new_sneaker_362422803825.jpg,new,sneaker,leather,new_worn
new_waistcoat_a29ba1b27c03.jpg,new,waistcoat,synthetic_fiber,new_worn
new_coat_2154c0f565f8.jpg,new,coat,synthetic_fiber,new_worn
new_sweater_a2d3fc3076c0.jpg,new,sweater,wool,new_worn
new_shorts_ef3d96d1f26d.jpg,new,shorts,synthetic_fiber,new_worn
new_sneaker_ed9d069f7fad.jpg,new,sneaker,leather,new_worn
new_boot_4f7208770720.jpg,new,boot,synthetic,new_worn
new_heel_df2a79d5727c.jpg,new,heel,synthetic,new_worn
new_jacket_833aacd02265.jpg,new,jacket,synthetic_fiber,new_worn
new_kurta_dfd84b84d452.jpg,new,kurta,synthetic_fiber,new_worn
new_coat_5c4a93962064.jpg,new,coat,synthetic_fiber,new_worn
new_kurta_c2390455bc05.jpg,new,kurta,synthetic_fiber,new_worn
new_boot_d9d8aeae7f07.jpg,new,boot,synthetic,new_worn
new_boot_a8d194d496cb.jpg,new,boot,synthetic,new_worn
new_boot_4a78adfd0fba.jpg,new,boot,synthetic,new_worn
new_jacket_b5f1bc4852a1.jpg,new,jacket,synthetic_fiber,new_worn
new_coat_25386b9f1a11.jpg,new,coat,synthetic_fiber,new_worn
new_sweater_89e69ee5094c.jpg,new,sweater,wool,new_worn
new_shirt_98955eb8ecea.jpg,new,shirt,synthetic_fiber,new_worn
new_trouser_24b45b8f2e3c.jpg,new,trouser,synthetic_fiber,new_worn
new_boot_f4471ddf8f17.jpg,new,boot,synthetic,new_worn
new_sneaker_e847d5925980.jpg,new,sneaker,leather,new_worn
new_jacket_15d13416d7af.jpg,new,jacket,synthetic_fiber,new_worn
new_shirt_504c309c7845.jpg,new,shirt,synthetic_fiber,new_worn
new_shorts_c92210c8e399.jpg,new,shorts,synthetic_fiber,new_worn
new_boot_07692f877170.jpg,new,boot,synthetic,new_worn
new_sweater_32f47adf14fd.jpg,new,sweater,wool,new_worn
new_waistcoat_207c3fa5a066.jpg,new,waistcoat,synthetic_fiber,new_worn
new_kurta_dba051f790ea.jpg,new,kurta,synthetic_fiber,new_worn
new_coat_af3f09f6295d.jpg,new,coat,synthetic_fiber,new_worn
new_boot_ff5c79aa14a4.jpg,new,boot,synthetic,new_worn
new_waistcoat_96630dfe60e0.jpg,new,waistcoat,synthetic_fiber,new_worn
new_sweater_b6e92d307aa9.jpg,new,sweater,wool,new_worn
new_shorts_9db9ba24c0b3.jpg,new,shorts,synthetic_fiber,new_worn
new_heel_36e89350ff3a.jpg,new,heel,synthetic,new_worn
new_shorts_5123663900d7.jpg,new,shorts,synthetic_fiber,new_worn
new_trouser_352d0e1ba31f.jpg,new,trouser,synthetic_fiber,new_worn
new_kurta_6237f891b323.jpg,new,kurta,synthetic_fiber,new_worn
new_sneaker_27c5a6870e05.jpg,new,sneaker,leather,new_worn
new_coat_c53968eeb266.jpg,new,coat,synthetic_fiber,new_worn
new_sweater_14d6dd5a879f.jpg,new,sweater,wool,new_worn
new_shorts_4ff96eeecfb0.jpg,new,shorts,synthetic_fiber,new_worn
new_boot_1fcff01b0ba1.jpg,new,boot,synthetic,new_worn
new_heel_83101470b873.jpg,new,heel,synthetic,new_worn
new_sweater_e9e21bb7d6c3.jpg,new,sweater,wool,new_worn
new_sneaker_1c121273d3cc.jpg,new,sneaker,leather,new_worn
new_boot_d679d3cd12a5.jpg,new,boot,synthetic,new_worn
new_coat_16d01f79227d.jpg,new,coat,synthetic_fiber,new_worn
new_sneaker_e43134057a37.jpg,new,sneaker,leather,new_worn
new_flat_7b1c765af993.jpg,new,flat,synthetic,new_worn
new_sneaker_658be1b89c68.jpg,new,sneaker,leather,new_worn
new_sneaker_776a74c28c09.jpg,new,sneaker,leather,new_worn
new_trouser_8760227fdf5f.jpg,new,trouser,synthetic_fiber,new_worn
new_shirt_257908281c98.jpg,new,shirt,synthetic_fiber,new_worn
new_sneaker_845fa8fc414d.jpg,new,sneaker,leather,new_worn
new_jacket_40687ef40031.jpg,new,jacket,synthetic_fiber,new_worn
new_flat_0c2bbe4b59d6.jpg,new,flat,synthetic,new_worn
new_boot_ce236108bd77.jpg,new,boot,synthetic,new_worn
new_sweater_f9f9a0f9e157.jpg,new,sweater,wool,new_worn
new_kurta_76088220345f.jpg,new,kurta,synthetic_fiber,new_worn
new_heel_7a99682dcc9d.jpg,new,heel,synthetic,new_worn
new_waistcoat_4456cec0ab69.jpg,new,waistcoat,synthetic_fiber,new_worn
new_sweater_871637a7a5f8.jpg,new,sweater,wool,new_worn
new_shirt_8a311adde28a.jpg,new,shirt,synthetic_fiber,new_worn
new_shirt_5b03d98668f7.jpg,new,shirt,synthetic_fiber,new_worn
new_trouser_08d87f3d67ae.jpg,new,trouser,synthetic_fiber,new_worn
new_sneaker_b804d871c03d.jpg,new,sneaker,leather,new_worn
new_sweater_9dc916fe5616.jpg,new,sweater,wool,new_worn
new_sneaker_2dce1c83b76f.jpg,new,sneaker,leather,new_worn
new_jacket_1806cb35db1d.jpg,new,jacket,synthetic_fiber,new_worn
new_jacket_e6545a18d972.jpg,new,jacket,synthetic_fiber,new_worn
new_sweater_3a6b15ad8e42.jpg,new,sweater,wool,new_worn
new_trouser_296eb3d45b73.jpg,new,trouser,synthetic_fiber,new_worn
new_jacket_21f1b81e54b1.jpg,new,jacket,synthetic_fiber,new_worn
new_heel_f4713ca80a44.jpg,new,heel,synthetic,new_worn
new_waistcoat_8a7c2eebcec0.jpg,new,waistcoat,synthetic_fiber,new_worn
new_jacket_97afb29ad18f.jpg,new,jacket,synthetic_fiber,new_worn
new_sneaker_bfc8006ebfae.jpg,new,sneaker,leather,new_worn
new_kurta_791f54ba67c0.jpg,new,kurta,synthetic_fiber,new_worn
new_shirt_ca1ce473e74e.jpg,new,shirt,synthetic_fiber,new_worn
new_coat_3a9821dbd599.jpg,new,coat,synthetic_fiber,new_worn
new_shirt_8183d9bd680e.jpg,new,shirt,synthetic_fiber,new_worn
new_trouser_cde00ac2c2c9.jpg,new,trouser,synthetic_fiber,new_worn
new_shirt_6e79d6666130.jpg,new,shirt,synthetic_fiber,new_worn
new_sweater_0760e5532185.jpg,new,sweater,wool,new_worn
new_sneaker_50229186ef57.jpg,new,sneaker,leather,new_worn
new_sneaker_dda9a24a77a4.jpg,new,sneaker,leather,new_worn
new_coat_c6969a00aae5.jpg,new,coat,synthetic_fiber,new_worn
new_sneaker_87a197393877.jpg,new,sneaker,leather,new_worn
new_sweater_a802ceea186f.jpg,new,sweater,wool,new_worn
new_shirt_6d618c2c4dd3.jpg,new,shirt,synthetic_fiber,new_worn
new_sneaker_b12fe3d434ed.jpg,new,sneaker,leather,new_worn
new_flat_a94773189b5a.jpg,new,flat,synthetic,new_worn
new_boot_3b176ee62383.jpg,new,boot,synthetic,new_worn
new_sneaker_08373fe801f4.jpg,new,sneaker,leather,new_worn
new_sweater_33d837bc3efb.jpg,new,sweater,wool,new_worn
new_kurta_cfb2406e11be.jpg,new,kurta,synthetic_fiber,new_worn
new_kurta_a6be1df4fad3.jpg,new,kurta,synthetic_fiber,new_worn
new_sneaker_8d5ec50b9771.jpg,new,sneaker,leather,new_worn
new_boot_c5d7a998544b.jpg,new,boot,synthetic,new_worn
new_shorts_a70bb55d9961.jpg,new,shorts,synthetic_fiber,new_worn
new_coat_5558c482c79a.jpg,new,coat,synthetic_fiber,new_worn
new_shirt_bc640d17b972.jpg,new,shirt,synthetic_fiber,new_worn
new_jacket_7a4b247107ed.jpg,new,jacket,synthetic_fiber,new_worn
new_kurta_c9febf3ccc29.jpg,new,kurta,synthetic_fiber,new_worn
new_flat_837858b3baa8.jpg,new,flat,synthetic,new_worn
new_shirt_d908e04b3382.jpg,new,shirt,synthetic_fiber,new_worn
new_sneaker_69d1a0c1aab1.jpg,new,sneaker,leather,new_worn
new_kurta_a06bf47bc0be.jpg,new,kurta,synthetic_fiber,new_worn
new_coat_32ce34c098cc.jpg,new,coat,synthetic_fiber,new_worn
new_coat_df163911ace0.jpg,new,coat,synthetic_fiber,new_worn
new_jacket_ba27a200c795.jpg,new,jacket,synthetic_fiber,new_worn
new_sweater_c6f36cbf6346.jpg,new,sweater,wool,new_worn
new_shirt_5964de2435c2.jpg,new,shirt,synthetic_fiber,new_worn
new_sneaker_77bceef8c18d.jpg,new,sneaker,leather,new_worn
new_coat_3539e85fb560.jpg,new,coat,synthetic_fiber,new_worn
new_sneaker_e62a11b8a386.jpg,new,sneaker,leather,new_worn
new_kurta_0eed5d5eb996.jpg,new,kurta,synthetic_fiber,new_worn
new_coat_ee0d2beb7ef8.jpg,new,coat,synthetic_fiber,new_worn
new_kurta_6b550c112202.jpg,new,kurta,synthetic_fiber,new_worn
new_coat_9a190d4361be.jpg,new,coat,synthetic_fiber,new_worn
new_jacket_114257df17a5.jpg,new,jacket,synthetic_fiber,new_worn
new_sneaker_f769276a2686.jpg,new,sneaker,leather,new_worn
new_jacket_50fc4f1acd8d.jpg,new,jacket,synthetic_fiber,new_worn
new_flat_789ff34716d0.jpg,new,flat,synthetic,new_worn
new_trouser_dc23fe9fd0eb.jpg,new,trouser,synthetic_fiber,new_worn
new_trouser_3b5e2d3ab60d.jpg,new,trouser,synthetic_fiber,new_worn
new_coat_efead7edb35f.jpg,new,coat,synthetic_fiber,new_worn
new_sweater_efcb7e031fc7.jpg,new,sweater,wool,new_worn
new_shorts_f126a6a0c937.jpg,new,shorts,synthetic_fiber,new_worn
new_sneaker_c34c32786bb3.jpg,new,sneaker,leather,new_worn
new_sweater_abe8251b9010.jpg,new,sweater,wool,new_worn
new_shorts_d85837215d55.jpg,new,shorts,synthetic_fiber,new_worn
new_coat_d9d935264ed1.jpg,new,coat,synthetic_fiber,new_worn
new_coat_28f6e7c53c99.jpg,new,coat,synthetic_fiber,new_worn
new_sweater_f55bc9eb9b17.jpg,new,sweater,wool,new_worn
new_shirt_79a8ae2a1e0c.jpg,new,shirt,synthetic_fiber,new_worn
new_kurta_a239eb239700.jpg,new,kurta,synthetic_fiber,new_worn
new_shirt_cf0992c9bff5.jpg,new,shirt,synthetic_fiber,new_worn
new_sneaker_52789db32e21.jpg,new,sneaker,leather,new_worn
new_boot_1a88a995d483.jpg,new,boot,synthetic,new_worn
new_sneaker_b30cf52c0e19.jpg,new,sneaker,leather,new_worn
new_sneaker_9bef7952404f.jpg,new,sneaker,leather,new_worn
new_sneaker_8bb9b66c8140.jpg,new,sneaker,leather,new_worn
new_sneaker_a61147696534.jpg,new,sneaker,leather,new_worn
new_trouser_87946b76e9e4.jpg,new,trouser,synthetic_fiber,new_worn
new_kurta_1072898fc64e.jpg,new,kurta,synthetic_fiber,new_worn
new_trouser_807b8821893c.jpg,new,trouser,synthetic_fiber,new_worn
new_waistcoat_a144d203182d.jpg,new,waistcoat,synthetic_fiber,new_worn
new_jacket_f4ace26a822a.jpg,new,jacket,synthetic_fiber,new_worn
new_coat_7f3256b140e5.jpg,new,coat,synthetic_fiber,new_worn
new_sweater_f80af16c352c.jpg,new,sweater,wool,new_worn
new_kurta_7b66b6196842.jpg,new,kurta,synthetic_fiber,new_worn
lightly_worn_flat_5c984ad44bc6.jpg,lightly,flat,synthetic,lightly_worn
lightly_worn_flat_f2566ceea482.jpg,lightly,flat,synthetic,lightly_worn
lightly_worn_shirt_9eb0e81c4d86.jpg,lightly,shirt,synthetic_fiber,lightly_worn
lightly_worn_flat_26a86b1b2540.jpg,lightly,flat,synthetic,lightly_worn
lightly_worn_flat_3d676b7651d8.jpg,lightly,flat,synthetic,lightly_worn
lightly_worn_sandal_5763bab0d2eb.jpg,lightly,sandal,synthetic,lightly_worn
lightly_worn_trouser_e0264e37eb70.jpg,lightly,trouser,synthetic_fiber,lightly_worn
lightly_worn_flat_3145e61f3981.jpg,lightly,flat,synthetic,lightly_worn
lightly_worn_heel_85733f4a6ae5.jpg,lightly,heel,synthetic,lightly_worn
lightly_worn_heel_1f3deb34347c.jpg,lightly,heel,synthetic,lightly_worn
lightly_worn_flat_a74cb26ba347.jpg,lightly,flat,synthetic,lightly_worn
lightly_worn_flat_315eae5d88f9.jpg,lightly,flat,synthetic,lightly_worn
lightly_worn_shirt_0bcefd590af6.jpg,lightly,shirt,synthetic_fiber,lightly_worn
lightly_worn_sneaker_02a87009f206.jpg,lightly,sneaker,leather,lightly_worn
lightly_worn_shirt_7cabf98a6035.jpg,lightly,shirt,synthetic_fiber,lightly_worn
lightly_worn_flat_38fccca3c62b.jpg,lightly,flat,synthetic,lightly_worn
lightly_worn_sneaker_caf6751df5b6.jpg,lightly,sneaker,leather,lightly_worn
lightly_worn_sneaker_7a6075ed01d5.jpg,lightly,sneaker,leather,lightly_worn
lightly_worn_boot_9360c6560e69.jpg,lightly,boot,synthetic,lightly_worn
lightly_worn_flat_f2546c77a378.jpg,lightly,flat,synthetic,lightly_worn
lightly_worn_flat_1933183b8679.jpg,lightly,flat,synthetic,lightly_worn
lightly_worn_shirt_1a59e18ec189.jpg,lightly,shirt,synthetic_fiber,lightly_worn
lightly_worn_flat_52d84484fd6a.jpg,lightly,flat,synthetic,lightly_worn
lightly_worn_flat_452838a3ef43.jpg,lightly,flat,synthetic,lightly_worn
lightly_worn_shirt_35ec300ae02a.jpg,lightly,shirt,synthetic_fiber,lightly_worn
lightly_worn_shirt_d0490d3a678d.jpg,lightly,shirt,synthetic_fiber,lightly_worn
lightly_worn_flat_0c2123d93631.jpg,lightly,flat,synthetic,lightly_worn
lightly_worn_jacket_30b6c3a02de4.jpg,lightly,jacket,synthetic_fiber,lightly_worn
lightly_worn_shirt_d3b9faa51b37.jpg,lightly,shirt,synthetic_fiber,lightly_worn
lightly_worn_shirt_2b226aa11145.jpg,lightly,shirt,synthetic_fiber,lightly_worn
lightly_worn_flat_655e7cda3062.jpg,lightly,flat,synthetic,lightly_worn
lightly_worn_flat_8b7ff182936c.jpg,lightly,flat,synthetic,lightly_worn
lightly_worn_flat_bd2f99c44be1.jpg,lightly,flat,synthetic,lightly_worn
lightly_worn_flat_9f95aed1420e.jpg,lightly,flat,synthetic,lightly_worn
lightly_worn_flat_8dc0c0af6a9a.jpg,lightly,flat,synthetic,lightly_worn
lightly_worn_sandal_b42d7ea19845.jpg,lightly,sandal,synthetic,lightly_worn
lightly_worn_sandal_3d728a294654.jpg,lightly,sandal,synthetic,lightly_worn
lightly_worn_flat_0a9699d63f98.jpg,lightly,flat,synthetic,lightly_worn
lightly_worn_shirt_d4054a61be77.jpg,lightly,shirt,synthetic_fiber,lightly_worn
lightly_worn_sneaker_7aff5cb504d7.jpg,lightly,sneaker,leather,lightly_worn
lightly_worn_flat_8c3b5c08f816.jpg,lightly,flat,synthetic,lightly_worn
lightly_worn_shirt_0ab1f055e114.jpg,lightly,shirt,synthetic_fiber,lightly_worn
lightly_worn_sneaker_85c2e02402fc.jpg,lightly,sneaker,leather,lightly_worn
lightly_worn_flat_296804418f20.jpg,lightly,flat,synthetic,lightly_worn
lightly_worn_flat_67e934095d78.jpg,lightly,flat,synthetic,lightly_worn
lightly_worn_flat_0c80e4315564.jpg,lightly,flat,synthetic,lightly_worn
lightly_worn_shirt_e4ab1c18390a.jpg,lightly,shirt,synthetic_fiber,lightly_worn
lightly_worn_jacket_090e3297adb3.jpg,lightly,jacket,synthetic_fiber,lightly_worn
lightly_worn_flat_ee9132602bad.jpg,lightly,flat,synthetic,lightly_worn
lightly_worn_flat_01d3979bd034.jpg,lightly,flat,synthetic,lightly_worn
lightly_worn_sandal_7ed203944450.jpg,lightly,sandal,synthetic,lightly_worn
lightly_worn_flat_1279f3f18b06.jpg,lightly,flat,synthetic,lightly_worn
lightly_worn_shirt_6f405b871de7.jpg,lightly,shirt,synthetic_fiber,lightly_worn
lightly_worn_flat_9bbe8edac764.jpg,lightly,flat,synthetic,lightly_worn
lightly_worn_flat_f8ccdf7cf2d5.jpg,lightly,flat,synthetic,lightly_worn
lightly_worn_flat_485e402da397.jpg,lightly,flat,synthetic,lightly_worn
lightly_worn_sneaker_596e8deecd7b.jpg,lightly,sneaker,leather,lightly_worn
lightly_worn_shirt_e83b8a26d12d.jpg,lightly,shirt,synthetic_fiber,lightly_worn
lightly_worn_shirt_351632ab4c98.jpg,lightly,shirt,synthetic_fiber,lightly_worn
lightly_worn_shirt_67d73b4d7e47.jpg,lightly,shirt,synthetic_fiber,lightly_worn
lightly_worn_flat_1355e867ff6f.jpg,lightly,flat,synthetic,lightly_worn
lightly_worn_flat_6d4a1a2c4148.jpg,lightly,flat,synthetic,lightly_worn
lightly_worn_boot_96b7457ac439.jpg,lightly,boot,synthetic,lightly_worn
lightly_worn_sandal_b5953d330fe6.jpg,lightly,sandal,synthetic,lightly_worn
lightly_worn_flat_f1e6ef52716e.jpg,lightly,flat,synthetic,lightly_worn
lightly_worn_flat_4406c26fea68.jpg,lightly,flat,synthetic,lightly_worn
lightly_worn_flat_c01b5463e8ec.jpg,lightly,flat,synthetic,lightly_worn
lightly_worn_flat_f01f3c61539b.jpg,lightly,flat,synthetic,lightly_worn
lightly_worn_flat_404b1b2cac9e.jpg,lightly,flat,synthetic,lightly_worn
lightly_worn_shirt_50014d8011d7.jpg,lightly,shirt,synthetic_fiber,lightly_worn
lightly_worn_shirt_10831b384f53.jpg,lightly,shirt,synthetic_fiber,lightly_worn
lightly_worn_shirt_d309d8f4c017.jpg,lightly,shirt,synthetic_fiber,lightly_worn
lightly_worn_flat_31f965119113.jpg,lightly,flat,synthetic,lightly_worn
lightly_worn_sandal_660d78f51d3d.jpg,lightly,sandal,synthetic,lightly_worn
lightly_worn_shirt_c397b3951b1f.jpg,lightly,shirt,synthetic_fiber,lightly_worn
lightly_worn_flat_3da42692ac79.jpg,lightly,flat,synthetic,lightly_worn
lightly_worn_flat_8be4d729cb21.jpg,lightly,flat,synthetic,lightly_worn
lightly_worn_flat_ff517421837d.jpg,lightly,flat,synthetic,lightly_worn
lightly_worn_flat_435713c142c9.jpg,lightly,flat,synthetic,lightly_worn
lightly_worn_shirt_8773aa826fe8.jpg,lightly,shirt,synthetic_fiber,lightly_worn
lightly_worn_shirt_7cfd27440c8c.jpg,lightly,shirt,synthetic_fiber,lightly_worn
lightly_worn_sneaker_f129b3e356ec.jpg,lightly,sneaker,leather,lightly_worn
lightly_worn_flat_5e6e18d8fe89.jpg,lightly,flat,synthetic,lightly_worn
lightly_worn_flat_d8ef3f5fbb87.jpg,lightly,flat,synthetic,lightly_worn
lightly_worn_sneaker_aac6345df62e.jpg,lightly,sneaker,leather,lightly_worn
lightly_worn_heel_5dd8f15ec401.jpg,lightly,heel,synthetic,lightly_worn
lightly_worn_boot_fbe735b1dfb1.jpg,lightly,boot,synthetic,lightly_worn
lightly_worn_flat_2199821662eb.jpg,lightly,flat,synthetic,lightly_worn
lightly_worn_shirt_26e2569286bb.jpg,lightly,shirt,synthetic_fiber,lightly_worn
lightly_worn_flat_5719dd4ffb1a.jpg,lightly,flat,synthetic,lightly_worn
lightly_worn_flat_264252a0186c.jpg,lightly,flat,synthetic,lightly_worn
lightly_worn_shirt_5debb29d5997.jpg,lightly,shirt,synthetic_fiber,lightly_worn
lightly_worn_boot_4bc24e287fc9.jpg,lightly,boot,synthetic,lightly_worn
lightly_worn_flat_e4b5b905fe10.jpg,lightly,flat,synthetic,lightly_worn
lightly_worn_shirt_90eb29501a35.jpg,lightly,shirt,synthetic_fiber,lightly_worn
lightly_worn_flat_4e4dcfb526a1.jpg,lightly,flat,synthetic,lightly_worn
lightly_worn_flat_9046c313cb49.jpg,lightly,flat,synthetic,lightly_worn
lightly_worn_shirt_285c3f01488e.jpg,lightly,shirt,synthetic_fiber,lightly_worn
lightly_worn_shirt_e08873feef4c.jpg,lightly,shirt,synthetic_fiber,lightly_worn
lightly_worn_shirt_618a9870f077.jpg,lightly,shirt,synthetic_fiber,lightly_worn
lightly_worn_flat_c2bf2a8277f2.jpg,lightly,flat,synthetic,lightly_worn
lightly_worn_shirt_91c7aeeb27d9.jpg,lightly,shirt,synthetic_fiber,lightly_worn
lightly_worn_flat_a12a9f676200.jpg,lightly,flat,synthetic,lightly_worn
lightly_worn_sneaker_29adac1366c0.jpg,lightly,sneaker,leather,lightly_worn
lightly_worn_flat_bc0559fa5d13.jpg,lightly,flat,synthetic,lightly_worn
lightly_worn_shirt_561ad7668a10.jpg,lightly,shirt,synthetic_fiber,lightly_worn
lightly_worn_shorts_e088c189fd1b.jpg,lightly,shorts,synthetic_fiber,lightly_worn
lightly_worn_shirt_ec91ab2c8a2a.jpg,lightly,shirt,synthetic_fiber,lightly_worn
lightly_worn_shirt_9328e1f34775.jpg,lightly,shirt,synthetic_fiber,lightly_worn
lightly_worn_shorts_d0dc1efe0075.jpg,lightly,shorts,synthetic_fiber,lightly_worn
lightly_worn_shirt_2006a1e6412a.jpg,lightly,shirt,synthetic_fiber,lightly_worn
lightly_worn_shirt_4dd86a90135a.jpg,lightly,shirt,synthetic_fiber,lightly_worn
lightly_worn_flat_2be38eae78fe.jpg,lightly,flat,synthetic,lightly_worn
lightly_worn_flat_b07c2f3e331b.jpg,lightly,flat,synthetic,lightly_worn
lightly_worn_shirt_efa9e3bab6cc.jpg,lightly,shirt,synthetic_fiber,lightly_worn
lightly_worn_flat_6b831e6f4cbb.jpg,lightly,flat,synthetic,lightly_worn
lightly_worn_sneaker_392980254344.jpg,lightly,sneaker,leather,lightly_worn
lightly_worn_shirt_38abccdc9688.jpg,lightly,shirt,synthetic_fiber,lightly_worn
lightly_worn_sneaker_931bad131dbb.jpg,lightly,sneaker,leather,lightly_worn
lightly_worn_sneaker_5f0784a553cd.jpg,lightly,sneaker,leather,lightly_worn
lightly_worn_shirt_3d2fcc488f57.jpg,lightly,shirt,synthetic_fiber,lightly_worn
lightly_worn_sandal_580c6685436f.jpg,lightly,sandal,synthetic,lightly_worn
lightly_worn_flat_1ce7c4816af1.jpg,lightly,flat,synthetic,lightly_worn
lightly_worn_shorts_17c3834a19ce.jpg,lightly,shorts,synthetic_fiber,lightly_worn
lightly_worn_flat_22584fa3b9a0.jpg,lightly,flat,synthetic,lightly_worn
lightly_worn_shirt_504e75677478.jpg,lightly,shirt,synthetic_fiber,lightly_worn
lightly_worn_flat_a91e43b187b4.jpg,lightly,flat,synthetic,lightly_worn
lightly_worn_shirt_67d53122f6e6.jpg,lightly,shirt,synthetic_fiber,lightly_worn
lightly_worn_heel_a38254f51292.jpg,lightly,heel,synthetic,lightly_worn
lightly_worn_sneaker_88b19246d4c2.jpg,lightly,sneaker,leather,lightly_worn
lightly_worn_flat_e2f0f83574d5.jpg,lightly,flat,synthetic,lightly_worn
lightly_worn_sneaker_e725b5583568.jpg,lightly,sneaker,leather,lightly_worn
lightly_worn_flat_c9402073cfb9.jpg,lightly,flat,synthetic,lightly_worn
lightly_worn_shirt_86f29da00b48.jpg,lightly,shirt,synthetic_fiber,lightly_worn
lightly_worn_shirt_23ab87672c5e.jpg,lightly,shirt,synthetic_fiber,lightly_worn
lightly_worn_jacket_420f619f8905.jpg,lightly,jacket,synthetic_fiber,lightly_worn
lightly_worn_boot_4f9196237026.jpg,lightly,boot,synthetic,lightly_worn
lightly_worn_flat_5850adc78a7f.jpg,lightly,flat,synthetic,lightly_worn
lightly_worn_jacket_a452a9a02594.jpg,lightly,jacket,synthetic_fiber,lightly_worn
lightly_worn_shirt_bb7e8e1c7975.jpg,lightly,shirt,synthetic_fiber,lightly_worn
lightly_worn_flat_c015d518f063.jpg,lightly,flat,synthetic,lightly_worn
lightly_worn_shirt_8a562eb425db.jpg,lightly,shirt,synthetic_fiber,lightly_worn
lightly_worn_shirt_4255fd1e44ab.jpg,lightly,shirt,synthetic_fiber,lightly_worn
lightly_worn_shirt_797da9203d41.jpg,lightly,shirt,synthetic_fiber,lightly_worn
lightly_worn_heel_9130e58b6b76.jpg,lightly,heel,synthetic,lightly_worn
lightly_worn_flat_86baaeee1588.jpg,lightly,flat,synthetic,lightly_worn
lightly_worn_shorts_8f402b3de469.jpg,lightly,shorts,synthetic_fiber,lightly_worn
lightly_worn_sneaker_c9d0e923a6ac.jpg,lightly,sneaker,leather,lightly_worn
lightly_worn_flat_e40c021c6e0c.jpg,lightly,flat,synthetic,lightly_worn
lightly_worn_shirt_29ddbdbdb47e.jpg,lightly,shirt,synthetic_fiber,lightly_worn
lightly_worn_flat_dfe4adf7afaf.jpg,lightly,flat,synthetic,lightly_worn
lightly_worn_flat_778065363b2e.jpg,lightly,flat,synthetic,lightly_worn
lightly_worn_boot_5c89d312ed1d.jpg,lightly,boot,synthetic,lightly_worn
lightly_worn_shirt_ceab057aa546.jpg,lightly,shirt,synthetic_fiber,lightly_worn
lightly_worn_shirt_b0347a15d6db.jpg,lightly,shirt,synthetic_fiber,lightly_worn
lightly_worn_flat_e65ebb88ab77.jpg,lightly,flat,synthetic,lightly_worn
lightly_worn_flat_d4334a8c11a0.jpg,lightly,flat,synthetic,lightly_worn
lightly_worn_flat_c90ebfc34645.jpg,lightly,flat,synthetic,lightly_worn
lightly_worn_flat_47f4938c8afb.jpg,lightly,flat,synthetic,lightly_worn
lightly_worn_boot_ba2caaa71c8c.jpg,lightly,boot,synthetic,lightly_worn
lightly_worn_shirt_c1721cfa6f45.jpg,lightly,shirt,synthetic_fiber,lightly_worn
lightly_worn_flat_8c220af7b50f.jpg,lightly,flat,synthetic,lightly_worn
lightly_worn_shirt_97fec110810d.jpg,lightly,shirt,synthetic_fiber,lightly_worn
lightly_worn_sneaker_1ffc5884dad2.jpg,lightly,sneaker,leather,lightly_worn
lightly_worn_shirt_aaf111b7f7ee.jpg,lightly,shirt,synthetic_fiber,lightly_worn
lightly_worn_shirt_209581c5a2e7.jpg,lightly,shirt,synthetic_fiber,lightly_worn
lightly_worn_shirt_eb7ea8490d47.jpg,lightly,shirt,synthetic_fiber,lightly_worn
lightly_worn_flat_fa46ce37b4ad.jpg,lightly,flat,synthetic,lightly_worn
lightly_worn_trouser_5d371ef116cb.jpg,lightly,trouser,synthetic_fiber,lightly_worn
lightly_worn_sandal_0ac69d7f7a12.jpg,lightly,sandal,synthetic,lightly_worn
lightly_worn_sneaker_ff066ae72d40.jpg,lightly,sneaker,leather,lightly_worn
lightly_worn_flat_395ed9a829f2.jpg,lightly,flat,synthetic,lightly_worn
lightly_worn_shorts_1c25f77a8cb5.jpg,lightly,shorts,synthetic_fiber,lightly_worn
lightly_worn_shirt_40023a4fcbba.jpg,lightly,shirt,synthetic_fiber,lightly_worn
lightly_worn_flat_034929be2a4b.jpg,lightly,flat,synthetic,lightly_worn
lightly_worn_shirt_0db82be3ba5e.jpg,lightly,shirt,synthetic_fiber,lightly_worn
lightly_worn_flat_f9a8f28d0e8f.jpg,lightly,flat,synthetic,lightly_worn
lightly_worn_shirt_81a9dea62005.jpg,lightly,shirt,synthetic_fiber,lightly_worn
lightly_worn_sneaker_45e011e0b1be.jpg,lightly,sneaker,leather,lightly_worn
lightly_worn_flat_4dd76c90a94e.jpg,lightly,flat,synthetic,lightly_worn
lightly_worn_sneaker_62e4d6656a8c.jpg,lightly,sneaker,leather,lightly_worn
lightly_worn_sneaker_46f9390e6068.jpg,lightly,sneaker,leather,lightly_worn
lightly_worn_flat_e73c31319bb2.jpg,lightly,flat,synthetic,lightly_worn
lightly_worn_flat_8579009e98a0.jpg,lightly,flat,synthetic,lightly_worn
lightly_worn_sneaker_d7f430c9b2fd.jpg,lightly,sneaker,leather,lightly_worn
lightly_worn_flat_5a334cfd7b14.jpg,lightly,flat,synthetic,lightly_worn
lightly_worn_flat_f1ee0c81bdde.jpg,lightly,flat,synthetic,lightly_worn
lightly_worn_shirt_730a7c25600f.jpg,lightly,shirt,synthetic_fiber,lightly_worn
lightly_worn_sneaker_45a5268ebc94.jpg,lightly,sneaker,leather,lightly_worn
lightly_worn_sneaker_1fbe7657fdc1.jpg,lightly,sneaker,leather,lightly_worn
lightly_worn_flat_fe5c60e38b76.jpg,lightly,flat,synthetic,lightly_worn
lightly_worn_flat_3a7bc66d091a.jpg,lightly,flat,synthetic,lightly_worn
lightly_worn_flat_3ed5688a004c.jpg,lightly,flat,synthetic,lightly_worn
lightly_worn_flat_39d349404b3b.jpg,lightly,flat,synthetic,lightly_worn
lightly_worn_shirt_052ef8b453a3.jpg,lightly,shirt,synthetic_fiber,lightly_worn
lightly_worn_shorts_5e6bf9a3be59.jpg,lightly,shorts,synthetic_fiber,lightly_worn
lightly_worn_flat_95541e8c9639.jpg,lightly,flat,synthetic,lightly_worn
lightly_worn_heel_ecb372a2686a.jpg,lightly,heel,synthetic,lightly_worn
lightly_worn_heel_c9723f5aaee6.jpg,lightly,heel,synthetic,lightly_worn
lightly_worn_flat_20c30cbc5832.jpg,lightly,flat,synthetic,lightly_worn
lightly_worn_boot_f32cf39ec999.jpg,lightly,boot,synthetic,lightly_worn
lightly_worn_flat_9c92dcd600e4.jpg,lightly,flat,synthetic,lightly_worn
lightly_worn_sneaker_51b75066d046.jpg,lightly,sneaker,leather,lightly_worn
lightly_worn_flat_cf4e3b9bc1b4.jpg,lightly,flat,synthetic,lightly_worn
lightly_worn_shirt_748e1dbb9aa9.jpg,lightly,shirt,synthetic_fiber,lightly_worn
lightly_worn_flat_4873ba5be48f.jpg,lightly,flat,synthetic,lightly_worn
lightly_worn_flat_42072f71773f.jpg,lightly,flat,synthetic,lightly_worn
lightly_worn_flat_133e11397bc5.jpg,lightly,flat,synthetic,lightly_worn
lightly_worn_flat_057588ab3738.jpg,lightly,flat,synthetic,lightly_worn
lightly_worn_shirt_3e8caade4401.jpg,lightly,shirt,synthetic_fiber,lightly_worn
lightly_worn_shirt_6d394908328a.jpg,lightly,shirt,synthetic_fiber,lightly_worn
lightly_worn_shirt_4a82efd15e3d.jpg,lightly,shirt,synthetic_fiber,lightly_worn
lightly_worn_sneaker_91ccef388da1.jpg,lightly,sneaker,leather,lightly_worn
lightly_worn_sandal_b3e2903c3ca1.jpg,lightly,sandal,synthetic,lightly_worn
lightly_worn_flat_2a7c26cb0cf7.jpg,lightly,flat,synthetic,lightly_worn
lightly_worn_boot_171621a31f08.jpg,lightly,boot,synthetic,lightly_worn
lightly_worn_shirt_55919cff3e76.jpg,lightly,shirt,synthetic_fiber,lightly_worn
lightly_worn_flat_bc7c4aca6482.jpg,lightly,flat,synthetic,lightly_worn
lightly_worn_flat_37bcdc5cd9ce.jpg,lightly,flat,synthetic,lightly_worn
lightly_worn_boot_82cc2823d827.jpg,lightly,boot,synthetic,lightly_worn
lightly_worn_shirt_3be25b96e84d.jpg,lightly,shirt,synthetic_fiber,lightly_worn
lightly_worn_flat_040fb4584cd1.jpg,lightly,flat,synthetic,lightly_worn
lightly_worn_shirt_d8ec251ee772.jpg,lightly,shirt,synthetic_fiber,lightly_worn
lightly_worn_flat_b4ca6c619470.jpg,lightly,flat,synthetic,lightly_worn
lightly_worn_flat_075a3eed1426.jpg,lightly,flat,synthetic,lightly_worn
lightly_worn_flat_ed114034a1e1.jpg,lightly,flat,synthetic,lightly_worn
lightly_worn_shirt_c9f4ccf3964b.jpg,lightly,shirt,synthetic_fiber,lightly_worn
lightly_worn_flat_612cf2899b17.jpg,lightly,flat,synthetic,lightly_worn
lightly_worn_sandal_481544674572.jpg,lightly,sandal,synthetic,lightly_worn
lightly_worn_flat_fc3ed1fc0505.jpg,lightly,flat,synthetic,lightly_worn
lightly_worn_shirt_3c9dc1fe90d8.jpg,lightly,shirt,synthetic_fiber,lightly_worn
lightly_worn_shirt_05b10ba6798c.jpg,lightly,shirt,synthetic_fiber,lightly_worn
lightly_worn_sneaker_93a22b5f0a09.jpg,lightly,sneaker,leather,lightly_worn
lightly_worn_sandal_ce766a0f3e89.jpg,lightly,sandal,synthetic,lightly_worn
lightly_worn_shirt_f2b4a155f3f3.jpg,lightly,shirt,synthetic_fiber,lightly_worn
lightly_worn_flat_70c95d1a86a5.jpg,lightly,flat,synthetic,lightly_worn
lightly_worn_shirt_ee650d49a251.jpg,lightly,shirt,synthetic_fiber,lightly_worn
lightly_worn_flat_1400b7913c9d.jpg,lightly,flat,synthetic,lightly_worn
lightly_worn_flat_0cd2b94b9418.jpg,lightly,flat,synthetic,lightly_worn
lightly_worn_shirt_f720557f309d.jpg,lightly,shirt,synthetic_fiber,lightly_worn
lightly_worn_shirt_44a0db75c46c.jpg,lightly,shirt,synthetic_fiber,lightly_worn
lightly_worn_flat_13f1e900e971.jpg,lightly,flat,synthetic,lightly_worn
lightly_worn_shirt_888cbdb7c11b.jpg,lightly,shirt,synthetic_fiber,lightly_worn
lightly_worn_shirt_de860020fe95.jpg,lightly,shirt,synthetic_fiber,lightly_worn
lightly_worn_flat_a45a351b99d5.jpg,lightly,flat,synthetic,lightly_worn
lightly_worn_shirt_3a9ea9cfbf3a.jpg,lightly,shirt,synthetic_fiber,lightly_worn
lightly_worn_shirt_f76a69f6b491.jpg,lightly,shirt,synthetic_fiber,lightly_worn
lightly_worn_trouser_df937a428bfa.jpg,lightly,trouser,synthetic_fiber,lightly_worn
lightly_worn_flat_2f843813fa03.jpg,lightly,flat,synthetic,lightly_worn
lightly_worn_flat_4d398b5f6a79.jpg,lightly,flat,synthetic,lightly_worn
lightly_worn_flat_8adc6e5525d5.jpg,lightly,flat,synthetic,lightly_worn
lightly_worn_flat_40b3795d1345.jpg,lightly,flat,synthetic,lightly_worn
lightly_worn_flat_f8635a5c585f.jpg,lightly,flat,synthetic,lightly_worn
lightly_worn_shirt_960152662e3d.jpg,lightly,shirt,synthetic_fiber,lightly_worn
lightly_worn_flat_9972fbd33b16.jpg,lightly,flat,synthetic,lightly_worn
lightly_worn_sandal_3c5654e8bc29.jpg,lightly,sandal,synthetic,lightly_worn
lightly_worn_shorts_8d5c00506e85.jpg,lightly,shorts,synthetic_fiber,lightly_worn
lightly_worn_trouser_711b76d30189.jpg,lightly,trouser,synthetic_fiber,lightly_worn
lightly_worn_flat_6f0037c1c50d.jpg,lightly,flat,synthetic,lightly_worn
lightly_worn_jacket_788510d1593b.jpg,lightly,jacket,synthetic_fiber,lightly_worn
lightly_worn_boot_222515723664.jpg,lightly,boot,synthetic,lightly_worn
lightly_worn_flat_e4cd751cc9ba.jpg,lightly,flat,synthetic,lightly_worn
lightly_worn_shirt_c5a41cc74e82.jpg,lightly,shirt,synthetic_fiber,lightly_worn
lightly_worn_flat_acab56104e0e.jpg,lightly,flat,synthetic,lightly_worn
lightly_worn_shirt_4a34df133cb1.jpg,lightly,shirt,synthetic_fiber,lightly_worn
lightly_worn_shorts_ece70410565a.jpg,lightly,shorts,synthetic_fiber,lightly_worn
lightly_worn_shirt_be9bab8fd7f5.jpg,lightly,shirt,synthetic_fiber,lightly_worn
lightly_worn_flat_19bc8b359342.jpg,lightly,flat,synthetic,lightly_worn
lightly_worn_shirt_a0c7ad9c8540.jpg,lightly,shirt,synthetic_fiber,lightly_worn
lightly_worn_shirt_ad6266fd772c.jpg,lightly,shirt,synthetic_fiber,lightly_worn
lightly_worn_shirt_1d07bb77c6a9.jpg,lightly,shirt,synthetic_fiber,lightly_worn
lightly_worn_flat_a068bda3cef4.jpg,lightly,flat,synthetic,lightly_worn
lightly_worn_sneaker_c7044f7e339f.jpg,lightly,sneaker,leather,lightly_worn
lightly_worn_flat_c33081eb853e.jpg,lightly,flat,synthetic,lightly_worn
lightly_worn_flat_6079f3eb1fae.jpg,lightly,flat,synthetic,lightly_worn
lightly_worn_flat_9d0f9ef8de6e.jpg,lightly,flat,synthetic,lightly_worn
lightly_worn_flat_96aebc6d238b.jpg,lightly,flat,synthetic,lightly_worn
lightly_worn_flat_4da6cb9a3109.jpg,lightly,flat,synthetic,lightly_worn
lightly_worn_shirt_92494fcab17c.jpg,lightly,shirt,synthetic_fiber,lightly_worn
lightly_worn_flat_39029d032271.jpg,lightly,flat,synthetic,lightly_worn
lightly_worn_flat_3aace82f8fe0.jpg,lightly,flat,synthetic,lightly_worn
lightly_worn_flat_a488bf3a2c68.jpg,lightly,flat,synthetic,lightly_worn
lightly_worn_flat_fe7cd4276bc8.jpg,lightly,flat,synthetic,lightly_worn
lightly_worn_shirt_35e35d2e2a65.jpg,lightly,shirt,synthetic_fiber,lightly_worn
heavily_worn_trouser_d576a9a8f2c8.jpg,heavily,trouser,synthetic_fiber,heavily_worn
heavily_worn_shirt_953a9feed981.jpg,heavily,shirt,synthetic_fiber,heavily_worn
heavily_worn_flat_e7fecff7a061.jpg,heavily,flat,synthetic,heavily_worn
heavily_worn_shirt_9b516006ed3b.jpg,heavily,shirt,synthetic_fiber,heavily_worn
heavily_worn_kurta_e20283106ccb.jpg,heavily,kurta,synthetic_fiber,heavily_worn
heavily_worn_shirt_32e4046e0d95.jpg,heavily,shirt,synthetic_fiber,heavily_worn
heavily_worn_flat_0c4c7d2af6f0.jpg,heavily,flat,synthetic,heavily_worn
heavily_worn_shirt_99f8823d4e80.jpg,heavily,shirt,synthetic_fiber,heavily_worn
heavily_worn_shirt_a2f7c6dff4e1.jpg,heavily,shirt,synthetic_fiber,heavily_worn
heavily_worn_trouser_7e40c79a146c.jpg,heavily,trouser,synthetic_fiber,heavily_worn
heavily_worn_shirt_ced21068a20f.jpg,heavily,shirt,synthetic_fiber,heavily_worn
heavily_worn_shirt_bf810ae8cecd.jpg,heavily,shirt,synthetic_fiber,heavily_worn
heavily_worn_flat_e081e7471db3.jpg,heavily,flat,synthetic,heavily_worn
heavily_worn_shirt_ffcbc6400c65.jpg,heavily,shirt,synthetic_fiber,heavily_worn
heavily_worn_shorts_c14c90b1c983.jpg,heavily,shorts,synthetic_fiber,heavily_worn
heavily_worn_shirt_d9cc43c75148.jpg,heavily,shirt,synthetic_fiber,heavily_worn
heavily_worn_shirt_88076ba64693.jpg,heavily,shirt,synthetic_fiber,heavily_worn
heavily_worn_trouser_967f463a5095.jpg,heavily,trouser,synthetic_fiber,heavily_worn
heavily_worn_kurta_10067065ed33.jpg,heavily,kurta,synthetic_fiber,heavily_worn
heavily_worn_heel_a9e56fd146d0.jpg,heavily,heel,synthetic,heavily_worn
heavily_worn_shirt_ebebb207d90e.jpg,heavily,shirt,synthetic_fiber,heavily_worn
heavily_worn_kurta_1c18b9b9002c.jpg,heavily,kurta,synthetic_fiber,heavily_worn
heavily_worn_kurta_0175d065b769.jpg,heavily,kurta,synthetic_fiber,heavily_worn
heavily_worn_coat_a15ed3639a2d.jpg,heavily,coat,synthetic_fiber,heavily_worn
heavily_worn_trouser_371bf3872d32.jpg,heavily,trouser,synthetic_fiber,heavily_worn
heavily_worn_shirt_cf0da90d1ffa.jpg,heavily,shirt,synthetic_fiber,heavily_worn
heavily_worn_kurta_b7b7113d2980.jpg,heavily,kurta,synthetic_fiber,heavily_worn
heavily_worn_trouser_60aa97e2c615.jpg,heavily,trouser,synthetic_fiber,heavily_worn
heavily_worn_shorts_f63fbed5860e.jpg,heavily,shorts,synthetic_fiber,heavily_worn
heavily_worn_coat_3775d861ddb7.jpg,heavily,coat,synthetic_fiber,heavily_worn
heavily_worn_kurta_8f06cd1dec5c.jpg,heavily,kurta,synthetic_fiber,heavily_worn
heavily_worn_shirt_4cffb790350a.jpg,heavily,shirt,synthetic_fiber,heavily_worn
heavily_worn_shirt_0e7142dda4d1.jpg,heavily,shirt,synthetic_fiber,heavily_worn
heavily_worn_shirt_cafb610867da.jpg,heavily,shirt,synthetic_fiber,heavily_worn
heavily_worn_kurta_c3faf074195f.jpg,heavily,kurta,synthetic_fiber,heavily_worn
heavily_worn_kurta_b183a0aba922.jpg,heavily,kurta,synthetic_fiber,heavily_worn
heavily_worn_flat_364a6a214b18.jpg,heavily,flat,synthetic,heavily_worn
heavily_worn_sneaker_93b22c59e346.jpg,heavily,sneaker,leather,heavily_worn
heavily_worn_shirt_b830dff98f50.jpg,heavily,shirt,synthetic_fiber,heavily_worn
heavily_worn_shirt_ab90fbcdcd40.jpg,heavily,shirt,synthetic_fiber,heavily_worn
heavily_worn_kurta_2030544441d9.jpg,heavily,kurta,synthetic_fiber,heavily_worn
heavily_worn_trouser_9d30845c82c9.jpg,heavily,trouser,synthetic_fiber,heavily_worn
heavily_worn_trouser_69c14601a4fc.jpg,heavily,trouser,synthetic_fiber,heavily_worn
heavily_worn_shirt_2beea21335ee.jpg,heavily,shirt,synthetic_fiber,heavily_worn
heavily_worn_shirt_2332956323ee.jpg,heavily,shirt,synthetic_fiber,heavily_worn
heavily_worn_sneaker_ac7cf76b22c4.jpg,heavily,sneaker,leather,heavily_worn
heavily_worn_trouser_9aeca9cb72ac.jpg,heavily,trouser,synthetic_fiber,heavily_worn
heavily_worn_shirt_ee5e7ba626a2.jpg,heavily,shirt,synthetic_fiber,heavily_worn
heavily_worn_kurta_2df5530807e0.jpg,heavily,kurta,synthetic_fiber,heavily_worn
heavily_worn_flat_5e9ef809a4f7.jpg,heavily,flat,synthetic,heavily_worn
heavily_worn_shirt_08c285cd5bf7.jpg,heavily,shirt,synthetic_fiber,heavily_worn
heavily_worn_shirt_658a76998545.jpg,heavily,shirt,synthetic_fiber,heavily_worn
heavily_worn_trouser_a554c9e05597.jpg,heavily,trouser,synthetic_fiber,heavily_worn
heavily_worn_shirt_c7ef4bd79faf.jpg,heavily,shirt,synthetic_fiber,heavily_worn
heavily_worn_shirt_b848bc5b2f76.jpg,heavily,shirt,synthetic_fiber,heavily_worn
heavily_worn_boot_b7328d64c028.jpg,heavily,boot,synthetic,heavily_worn
heavily_worn_kurta_5092426c5cc6.jpg,heavily,kurta,synthetic_fiber,heavily_worn
heavily_worn_flat_1d14af6cafb5.jpg,heavily,flat,synthetic,heavily_worn
heavily_worn_coat_09f34926b734.jpg,heavily,coat,synthetic_fiber,heavily_worn
heavily_worn_trouser_ccee98192be5.jpg,heavily,trouser,synthetic_fiber,heavily_worn
heavily_worn_shirt_b7ba98c287db.jpg,heavily,shirt,synthetic_fiber,heavily_worn
heavily_worn_kurta_e0e9f226d5d0.jpg,heavily,kurta,synthetic_fiber,heavily_worn
heavily_worn_kurta_645f38ecd1d5.jpg,heavily,kurta,synthetic_fiber,heavily_worn
heavily_worn_sandal_69fc50c6ee29.jpg,heavily,sandal,synthetic,heavily_worn
heavily_worn_shirt_ff8bc1986801.jpg,heavily,shirt,synthetic_fiber,heavily_worn
heavily_worn_trouser_9796d227d452.jpg,heavily,trouser,synthetic_fiber,heavily_worn
heavily_worn_flat_67042a526aab.jpg,heavily,flat,synthetic,heavily_worn
heavily_worn_kurta_25ff1d28851d.jpg,heavily,kurta,synthetic_fiber,heavily_worn
heavily_worn_shirt_57d9e549c0b6.jpg,heavily,shirt,synthetic_fiber,heavily_worn
heavily_worn_heel_bca857ab1bf7.jpg,heavily,heel,synthetic,heavily_worn
heavily_worn_flat_4ee0d05cc5e9.jpg,heavily,flat,synthetic,heavily_worn
heavily_worn_shirt_04e97551fbf9.jpg,heavily,shirt,synthetic_fiber,heavily_worn
heavily_worn_flat_fb0d2f83f20d.jpg,heavily,flat,synthetic,heavily_worn
heavily_worn_shorts_3bdd310be789.jpg,heavily,shorts,synthetic_fiber,heavily_worn
heavily_worn_coat_c6cea9dd5d9e.jpg,heavily,coat,synthetic_fiber,heavily_worn
heavily_worn_shirt_9e047415941c.jpg,heavily,shirt,synthetic_fiber,heavily_worn
heavily_worn_shirt_9fad3cf2f81c.jpg,heavily,shirt,synthetic_fiber,heavily_worn
heavily_worn_kurta_70d9c6db89f3.jpg,heavily,kurta,synthetic_fiber,heavily_worn
heavily_worn_trouser_ac8ef779bc63.jpg,heavily,trouser,synthetic_fiber,heavily_worn
heavily_worn_shirt_5f3efe7cd158.jpg,heavily,shirt,synthetic_fiber,heavily_worn
heavily_worn_shorts_1cd29aedc44f.jpg,heavily,shorts,synthetic_fiber,heavily_worn
heavily_worn_shirt_b89e4e5d19c2.jpg,heavily,shirt,synthetic_fiber,heavily_worn
heavily_worn_sneaker_f5f8c5c0a8b0.jpg,heavily,sneaker,leather,heavily_worn
heavily_worn_flat_fbb50ebbc443.jpg,heavily,flat,synthetic,heavily_worn
heavily_worn_flat_deb1fb2ce18e.jpg,heavily,flat,synthetic,heavily_worn
heavily_worn_trouser_f3c1df23a761.jpg,heavily,trouser,synthetic_fiber,heavily_worn
heavily_worn_kurta_22a5ec039ed6.jpg,heavily,kurta,synthetic_fiber,heavily_worn
heavily_worn_shirt_d8fccc30a4b9.jpg,heavily,shirt,synthetic_fiber,heavily_worn
heavily_worn_sandal_50581f75a377.jpg,heavily,sandal,synthetic,heavily_worn
heavily_worn_shirt_56a85bafe6f1.jpg,heavily,shirt,synthetic_fiber,heavily_worn
heavily_worn_trouser_0a9a97ae8f82.jpg,heavily,trouser,synthetic_fiber,heavily_worn
heavily_worn_sneaker_b2d97e1b23ed.jpg,heavily,sneaker,leather,heavily_worn
heavily_worn_shirt_54e6fcce507c.jpg,heavily,shirt,synthetic_fiber,heavily_worn
heavily_worn_shirt_bb63903ceff8.jpg,heavily,shirt,synthetic_fiber,heavily_worn
heavily_worn_shirt_f47ad2ed78f7.jpg,heavily,shirt,synthetic_fiber,heavily_worn
heavily_worn_shirt_ba0bca479ec3.jpg,heavily,shirt,synthetic_fiber,heavily_worn
heavily_worn_heel_643b080b117c.jpg,heavily,heel,synthetic,heavily_worn
heavily_worn_trouser_5847869cdcfa.jpg,heavily,trouser,synthetic_fiber,heavily_worn
heavily_worn_kurta_9cf0dc3d8d18.jpg,heavily,kurta,synthetic_fiber,heavily_worn
heavily_worn_shirt_129240abff0d.jpg,heavily,shirt,synthetic_fiber,heavily_worn
heavily_worn_kurta_9eaa8ec0a4ab.jpg,heavily,kurta,synthetic_fiber,heavily_worn
heavily_worn_boot_c9b8144d3228.jpg,heavily,boot,synthetic,heavily_worn
heavily_worn_trouser_ebdcec894a9f.jpg,heavily,trouser,synthetic_fiber,heavily_worn
heavily_worn_coat_a2c004ed76a8.jpg,heavily,coat,synthetic_fiber,heavily_worn
heavily_worn_trouser_da4056126fbc.jpg,heavily,trouser,synthetic_fiber,heavily_worn
heavily_worn_kurta_11019afab122.jpg,heavily,kurta,synthetic_fiber,heavily_worn
heavily_worn_trouser_4959681aa9a3.jpg,heavily,trouser,synthetic_fiber,heavily_worn
heavily_worn_sneaker_2df3f65d9ebc.jpg,heavily,sneaker,leather,heavily_worn
heavily_worn_flat_d3a4ecc7bed8.jpg,heavily,flat,synthetic,heavily_worn
heavily_worn_trouser_98dab61ac085.jpg,heavily,trouser,synthetic_fiber,heavily_worn
heavily_worn_shorts_6b4118e6024a.jpg,heavily,shorts,synthetic_fiber,heavily_worn
heavily_worn_kurta_c5f73e28c0ec.jpg,heavily,kurta,synthetic_fiber,heavily_worn
heavily_worn_kurta_b4f22bfbe8f6.jpg,heavily,kurta,synthetic_fiber,heavily_worn
heavily_worn_shirt_433ae57ba919.jpg,heavily,shirt,synthetic_fiber,heavily_worn
heavily_worn_sandal_1eeea27ec6ca.jpg,heavily,sandal,synthetic,heavily_worn
heavily_worn_flat_5dfdd63b7b17.jpg,heavily,flat,synthetic,heavily_worn
heavily_worn_flat_0bb99b9ec0c6.jpg,heavily,flat,synthetic,heavily_worn
heavily_worn_shirt_f51a2882b6a2.jpg,heavily,shirt,synthetic_fiber,heavily_worn
heavily_worn_shirt_7d90281ef6f9.jpg,heavily,shirt,synthetic_fiber,heavily_worn
heavily_worn_sneaker_b9cea26f6a0b.jpg,heavily,sneaker,leather,heavily_worn
heavily_worn_shirt_04b41efbdd98.jpg,heavily,shirt,synthetic_fiber,heavily_worn
heavily_worn_shirt_dbc63f76440b.jpg,heavily,shirt,synthetic_fiber,heavily_worn
heavily_worn_flat_f78767791154.jpg,heavily,flat,synthetic,heavily_worn
heavily_worn_heel_cfa519eb2be9.jpg,heavily,heel,synthetic,heavily_worn
heavily_worn_kurta_f88c9e2085f6.jpg,heavily,kurta,synthetic_fiber,heavily_worn
heavily_worn_flat_2d8531fe1383.jpg,heavily,flat,synthetic,heavily_worn
heavily_worn_shirt_3ac291c0c30d.jpg,heavily,shirt,synthetic_fiber,heavily_worn
heavily_worn_shirt_f8684b67fc4f.jpg,heavily,shirt,synthetic_fiber,heavily_worn
heavily_worn_shirt_2585c8cfb2b4.jpg,heavily,shirt,synthetic_fiber,heavily_worn
heavily_worn_shorts_c8dacc724a31.jpg,heavily,shorts,synthetic_fiber,heavily_worn
heavily_worn_shirt_48c08cbd5eaf.jpg,heavily,shirt,synthetic_fiber,heavily_worn
heavily_worn_trouser_b9646362558a.jpg,heavily,trouser,synthetic_fiber,heavily_worn
heavily_worn_shirt_602ce106b182.jpg,heavily,shirt,synthetic_fiber,heavily_worn
heavily_worn_trouser_1daf0297c5d1.jpg,heavily,trouser,synthetic_fiber,heavily_worn
heavily_worn_trouser_ab7d27e7841e.jpg,heavily,trouser,synthetic_fiber,heavily_worn
heavily_worn_shirt_ee28956b173f.jpg,heavily,shirt,synthetic_fiber,heavily_worn
heavily_worn_flat_227b126dc4e3.jpg,heavily,flat,synthetic,heavily_worn
heavily_worn_kurta_f4e13f993ef9.jpg,heavily,kurta,synthetic_fiber,heavily_worn
heavily_worn_boot_dbaf0b17f195.jpg,heavily,boot,synthetic,heavily_worn
heavily_worn_flat_181da4a30b31.jpg,heavily,flat,synthetic,heavily_worn
heavily_worn_shirt_e6fe4bdd8e0f.jpg,heavily,shirt,synthetic_fiber,heavily_worn
heavily_worn_shirt_1dbcfce3d5de.jpg,heavily,shirt,synthetic_fiber,heavily_worn
heavily_worn_shirt_85286325de3b.jpg,heavily,shirt,synthetic_fiber,heavily_worn
heavily_worn_shirt_bc8430343484.jpg,heavily,shirt,synthetic_fiber,heavily_worn
heavily_worn_kurta_04f03d8c41c4.jpg,heavily,kurta,synthetic_fiber,heavily_worn
heavily_worn_sneaker_aaef20f400be.jpg,heavily,sneaker,leather,heavily_worn
heavily_worn_trouser_ebd8a06bcce1.jpg,heavily,trouser,synthetic_fiber,heavily_worn
heavily_worn_kurta_02de3904e62a.jpg,heavily,kurta,synthetic_fiber,heavily_worn
heavily_worn_shirt_133b28140087.jpg,heavily,shirt,synthetic_fiber,heavily_worn
heavily_worn_shirt_03ee97d23625.jpg,heavily,shirt,synthetic_fiber,heavily_worn
heavily_worn_shirt_dcd5c1a55443.jpg,heavily,shirt,synthetic_fiber,heavily_worn
heavily_worn_flat_934f73dd291d.jpg,heavily,flat,synthetic,heavily_worn
heavily_worn_trouser_76ab78b7a13b.jpg,heavily,trouser,synthetic_fiber,heavily_worn
heavily_worn_kurta_a044e117a4a2.jpg,heavily,kurta,synthetic_fiber,heavily_worn
heavily_worn_shirt_cc479beead17.jpg,heavily,shirt,synthetic_fiber,heavily_worn
heavily_worn_shirt_32783d53b9d8.jpg,heavily,shirt,synthetic_fiber,heavily_worn
heavily_worn_trouser_94f1ee1e7ea2.jpg,heavily,trouser,synthetic_fiber,heavily_worn
heavily_worn_kurta_343e2d18aece.jpg,heavily,kurta,synthetic_fiber,heavily_worn
heavily_worn_flat_04efb62f8312.jpg,heavily,flat,synthetic,heavily_worn
heavily_worn_shirt_8008a404febf.jpg,heavily,shirt,synthetic_fiber,heavily_worn
heavily_worn_flat_f33d426394ec.jpg,heavily,flat,synthetic,heavily_worn
heavily_worn_shirt_9b8a59ca2cdc.jpg,heavily,shirt,synthetic_fiber,heavily_worn
heavily_worn_sneaker_4fbde77930cf.jpg,heavily,sneaker,leather,heavily_worn
heavily_worn_boot_3dcfdf0e6449.jpg,heavily,boot,synthetic,heavily_worn
heavily_worn_shirt_8123a15e211b.jpg,heavily,shirt,synthetic_fiber,heavily_worn
heavily_worn_coat_168a4025ef07.jpg,heavily,coat,synthetic_fiber,heavily_worn
heavily_worn_trouser_fa460123602a.jpg,heavily,trouser,synthetic_fiber,heavily_worn
heavily_worn_kurta_3d8318aad169.jpg,heavily,kurta,synthetic_fiber,heavily_worn
heavily_worn_shirt_f8ab649d52ef.jpg,heavily,shirt,synthetic_fiber,heavily_worn
heavily_worn_trouser_abf02a2059c0.jpg,heavily,trouser,synthetic_fiber,heavily_worn
heavily_worn_shirt_2e2ac42d2d96.jpg,heavily,shirt,synthetic_fiber,heavily_worn
heavily_worn_shirt_bc5982c20271.jpg,heavily,shirt,synthetic_fiber,heavily_worn
heavily_worn_flat_10eb7ec66d3a.jpg,heavily,flat,synthetic,heavily_worn
heavily_worn_flat_4b7bbc3d1873.jpg,heavily,flat,synthetic,heavily_worn
heavily_worn_flat_9e622a4cf826.jpg,heavily,flat,synthetic,heavily_worn
heavily_worn_heel_353417fc9be4.jpg,heavily,heel,synthetic,heavily_worn
heavily_worn_shirt_c34af07e41cc.jpg,heavily,shirt,synthetic_fiber,heavily_worn
heavily_worn_shirt_1b711368ac20.jpg,heavily,shirt,synthetic_fiber,heavily_worn
heavily_worn_shirt_f07428107121.jpg,heavily,shirt,synthetic_fiber,heavily_worn
heavily_worn_shirt_ab1244f7d78b.jpg,heavily,shirt,synthetic_fiber,heavily_worn
heavily_worn_shirt_5d6b028b0587.jpg,heavily,shirt,synthetic_fiber,heavily_worn
heavily_worn_shirt_71bcebc6fa10.jpg,heavily,shirt,synthetic_fiber,heavily_worn
heavily_worn_kurta_10bf3b594d80.jpg,heavily,kurta,synthetic_fiber,heavily_worn
heavily_worn_trouser_128ec884d9d5.jpg,heavily,trouser,synthetic_fiber,heavily_worn
heavily_worn_trouser_5bbd75c5d755.jpg,heavily,trouser,synthetic_fiber,heavily_worn
heavily_worn_sandal_fea6725aefab.jpg,heavily,sandal,synthetic,heavily_worn
heavily_worn_shirt_8f68f9448854.jpg,heavily,shirt,synthetic_fiber,heavily_worn
heavily_worn_shirt_753ac25dda9b.jpg,heavily,shirt,synthetic_fiber,heavily_worn
heavily_worn_trouser_0026869865ea.jpg,heavily,trouser,synthetic_fiber,heavily_worn
heavily_worn_trouser_48eede15d267.jpg,heavily,trouser,synthetic_fiber,heavily_worn
heavily_worn_flat_4850904282cd.jpg,heavily,flat,synthetic,heavily_worn
heavily_worn_shirt_be499ce5d8ab.jpg,heavily,shirt,synthetic_fiber,heavily_worn
heavily_worn_trouser_a0ca348154be.jpg,heavily,trouser,synthetic_fiber,heavily_worn
heavily_worn_shirt_22a1ed2d461d.jpg,heavily,shirt,synthetic_fiber,heavily_worn
heavily_worn_boot_03aea6c47fd3.jpg,heavily,boot,synthetic,heavily_worn
heavily_worn_shirt_98456e91d1d3.jpg,heavily,shirt,synthetic_fiber,heavily_worn
heavily_worn_trouser_8fb0a90f0837.jpg,heavily,trouser,synthetic_fiber,heavily_worn
heavily_worn_trouser_cac219a85242.jpg,heavily,trouser,synthetic_fiber,heavily_worn
heavily_worn_kurta_baba8774397d.jpg,heavily,kurta,synthetic_fiber,heavily_worn
heavily_worn_trouser_a11181a6c509.jpg,heavily,trouser,synthetic_fiber,heavily_worn
heavily_worn_shirt_add6d41b515f.jpg,heavily,shirt,synthetic_fiber,heavily_worn
heavily_worn_shorts_306c6545972b.jpg,heavily,shorts,synthetic_fiber,heavily_worn
heavily_worn_flat_34313a3334a8.jpg,heavily,flat,synthetic,heavily_worn
heavily_worn_sneaker_91e25c90e121.jpg,heavily,sneaker,leather,heavily_worn
heavily_worn_shirt_8949b4085107.jpg,heavily,shirt,synthetic_fiber,heavily_worn
heavily_worn_kurta_e78ae50fafb2.jpg,heavily,kurta,synthetic_fiber,heavily_worn
heavily_worn_shirt_41304ca26a25.jpg,heavily,shirt,synthetic_fiber,heavily_worn
heavily_worn_shirt_f8f12491e4af.jpg,heavily,shirt,synthetic_fiber,heavily_worn
heavily_worn_shirt_3c130e5c4189.jpg,heavily,shirt,synthetic_fiber,heavily_worn
heavily_worn_kurta_a06da5dbed1c.jpg,heavily,kurta,synthetic_fiber,heavily_worn
heavily_worn_shirt_9fe23088c795.jpg,heavily,shirt,synthetic_fiber,heavily_worn
heavily_worn_heel_371a8c74c973.jpg,heavily,heel,synthetic,heavily_worn
heavily_worn_shirt_9f8be6a90edd.jpg,heavily,shirt,synthetic_fiber,heavily_worn
heavily_worn_shorts_59ca5d534bb1.jpg,heavily,shorts,synthetic_fiber,heavily_worn
heavily_worn_shirt_a4ae5d4b7d8e.jpg,heavily,shirt,synthetic_fiber,heavily_worn
heavily_worn_kurta_6d78f06aba08.jpg,heavily,kurta,synthetic_fiber,heavily_worn
heavily_worn_shirt_fd6343e04e78.jpg,heavily,shirt,synthetic_fiber,heavily_worn
heavily_worn_shirt_6972dfc8a098.jpg,heavily,shirt,synthetic_fiber,heavily_worn
heavily_worn_kurta_6ea83ec1a6b6.jpg,heavily,kurta,synthetic_fiber,heavily_worn
heavily_worn_shirt_028ff356f26b.jpg,heavily,shirt,synthetic_fiber,heavily_worn
heavily_worn_trouser_4df42312163e.jpg,heavily,trouser,synthetic_fiber,heavily_worn
heavily_worn_boot_fa7fdd2e4282.jpg,heavily,boot,synthetic,heavily_worn
heavily_worn_shirt_5a6f79ba5a04.jpg,heavily,shirt,synthetic_fiber,heavily_worn
heavily_worn_kurta_189b01135208.jpg,heavily,kurta,synthetic_fiber,heavily_worn
heavily_worn_sandal_c2cfbd912ea1.jpg,heavily,sandal,synthetic,heavily_worn
heavily_worn_shorts_7d1152268125.jpg,heavily,shorts,synthetic_fiber,heavily_worn
heavily_worn_shirt_c2740f14d319.jpg,heavily,shirt,synthetic_fiber,heavily_worn
heavily_worn_shirt_ffc3991cc23d.jpg,heavily,shirt,synthetic_fiber,heavily_worn
heavily_worn_trouser_896e56ca00c8.jpg,heavily,trouser,synthetic_fiber,heavily_worn
heavily_worn_heel_2e2231c2ff53.jpg,heavily,heel,synthetic,heavily_worn
heavily_worn_kurta_b237ff995e8b.jpg,heavily,kurta,synthetic_fiber,heavily_worn
heavily_worn_flat_b87ae7f211d2.jpg,heavily,flat,synthetic,heavily_worn
heavily_worn_shirt_bac56cd9a527.jpg,heavily,shirt,synthetic_fiber,heavily_worn
heavily_worn_boot_fed91c354c81.jpg,heavily,boot,synthetic,heavily_worn
heavily_worn_shirt_701f5b77bcae.jpg,heavily,shirt,synthetic_fiber,heavily_worn
heavily_worn_shirt_e4cf9d290d9a.jpg,heavily,shirt,synthetic_fiber,heavily_worn
heavily_worn_kurta_78bd6a3b4bfa.jpg,heavily,kurta,synthetic_fiber,heavily_worn
heavily_worn_shirt_7394e90c5fd1.jpg,heavily,shirt,synthetic_fiber,heavily_worn
heavily_worn_shirt_438b162127fa.jpg,heavily,shirt,synthetic_fiber,heavily_worn
heavily_worn_shirt_aea86d744a8d.jpg,heavily,shirt,synthetic_fiber,heavily_worn
heavily_worn_kurta_f8152d5bd2db.jpg,heavily,kurta,synthetic_fiber,heavily_worn
heavily_worn_shirt_c14e3de68318.jpg,heavily,shirt,synthetic_fiber,heavily_worn
heavily_worn_kurta_0f5a796c9cf8.jpg,heavily,kurta,synthetic_fiber,heavily_worn
heavily_worn_shirt_9b3640a62b6b.jpg,heavily,shirt,synthetic_fiber,heavily_worn
heavily_worn_heel_f890e8b1fe03.jpg,heavily,heel,synthetic,heavily_worn
heavily_worn_shirt_bd2a2d1dfb05.jpg,heavily,shirt,synthetic_fiber,heavily_worn
heavily_worn_sneaker_2e912273fd72.jpg,heavily,sneaker,leather,heavily_worn
heavily_worn_trouser_0582cf3b6991.jpg,heavily,trouser,synthetic_fiber,heavily_worn
heavily_worn_shirt_44251d4d4c46.jpg,heavily,shirt,synthetic_fiber,heavily_worn
heavily_worn_shirt_4e9d3bf173a5.jpg,heavily,shirt,synthetic_fiber,heavily_worn
heavily_worn_shirt_f74faf320f41.jpg,heavily,shirt,synthetic_fiber,heavily_worn
heavily_worn_kurta_30098f4d6755.jpg,heavily,kurta,synthetic_fiber,heavily_worn
heavily_worn_shirt_883050a432aa.jpg,heavily,shirt,synthetic_fiber,heavily_worn
heavily_worn_shirt_782d07f3a0f6.jpg,heavily,shirt,synthetic_fiber,heavily_worn
heavily_worn_shirt_0c382119e502.jpg,heavily,shirt,synthetic_fiber,heavily_worn
heavily_worn_shirt_1507f4bf325e.jpg,heavily,shirt,synthetic_fiber,heavily_worn
heavily_worn_shirt_e9c469fa92e6.jpg,heavily,shirt,synthetic_fiber,heavily_worn
heavily_worn_shirt_2b0507aefe50.jpg,heavily,shirt,synthetic_fiber,heavily_worn
heavily_worn_shirt_b424139dea0a.jpg,heavily,shirt,synthetic_fiber,heavily_worn
heavily_worn_trouser_0f2f7f7c8cec.jpg,heavily,trouser,synthetic_fiber,heavily_worn
heavily_worn_heel_954bb3749f68.jpg,heavily,heel,synthetic,heavily_worn
heavily_worn_trouser_a0f6783c5de0.jpg,heavily,trouser,synthetic_fiber,heavily_worn
heavily_worn_shorts_863cbfc0b981.jpg,heavily,shorts,synthetic_fiber,heavily_worn
heavily_worn_shirt_23c7ec3c1737.jpg,heavily,shirt,synthetic_fiber,heavily_worn
heavily_worn_sneaker_189e89287ff7.jpg,heavily,sneaker,leather,heavily_worn
heavily_worn_shirt_09a5502d0192.jpg,heavily,shirt,synthetic_fiber,heavily_worn
heavily_worn_shirt_b03e9e60e9cc.jpg,heavily,shirt,synthetic_fiber,heavily_worn
heavily_worn_shorts_cf8a4c16155f.jpg,heavily,shorts,synthetic_fiber,heavily_worn
heavily_worn_shirt_3b75cf499b65.jpg,heavily,shirt,synthetic_fiber,heavily_worn
heavily_worn_flat_96fb29b5e1ea.jpg,heavily,flat,synthetic,heavily_worn
heavily_worn_trouser_0bb37b39ece2.jpg,heavily,trouser,synthetic_fiber,heavily_worn
heavily_worn_shirt_5cf50b2e328f.jpg,heavily,shirt,synthetic_fiber,heavily_worn
heavily_worn_flat_ec594edd113f.jpg,heavily,flat,synthetic,heavily_worn
heavily_worn_shirt_3909773d6b1b.jpg,heavily,shirt,synthetic_fiber,heavily_worn
heavily_worn_shorts_06d6627ce035.jpg,heavily,shorts,synthetic_fiber,heavily_worn
heavily_worn_flat_b704fb8b3f8a.jpg,heavily,flat,synthetic,heavily_worn
heavily_worn_sneaker_aba560bcfa52.jpg,heavily,sneaker,leather,heavily_worn
heavily_worn_flat_dec6325b5ed0.jpg,heavily,flat,synthetic,heavily_worn
heavily_worn_shirt_3086227136b6.jpg,heavily,shirt,synthetic_fiber,heavily_worn
heavily_worn_shirt_38870ec7e487.jpg,heavily,shirt,synthetic_fiber,heavily_worn
heavily_worn_shorts_196e765427e8.jpg,heavily,shorts,synthetic_fiber,heavily_worn
heavily_worn_flat_3a32195134a6.jpg,heavily,flat,synthetic,heavily_worn
heavily_worn_shirt_4847a0251bf5.jpg,heavily,shirt,synthetic_fiber,heavily_worn
heavily_worn_shirt_7c4764a6125e.jpg,heavily,shirt,synthetic_fiber,heavily_worn
heavily_worn_shirt_1d0016ad0fb7.jpg,heavily,shirt,synthetic_fiber,heavily_worn
heavily_worn_shirt_c1c3c1d17662.jpg,heavily,shirt,synthetic_fiber,heavily_worn
heavily_worn_trouser_8e6d7134c47d.jpg,heavily,trouser,synthetic_fiber,heavily_worn
heavily_worn_kurta_288b84f75558.jpg,heavily,kurta,synthetic_fiber,heavily_worn
heavily_worn_kurta_f20a8ca65af4.jpg,heavily,kurta,synthetic_fiber,heavily_worn
heavily_worn_sneaker_8b8816692cdc.jpg,heavily,sneaker,leather,heavily_worn
heavily_worn_sneaker_dcbd68fe778c.jpg,heavily,sneaker,leather,heavily_worn
heavily_worn_flat_a5e5e8d55974.jpg,heavily,flat,synthetic,heavily_worn
heavily_worn_shirt_e7763e7ae2d2.jpg,heavily,shirt,synthetic_fiber,heavily_worn
heavily_worn_shirt_3302ade1db35.jpg,heavily,shirt,synthetic_fiber,heavily_worn
heavily_worn_shirt_8c409e88fce0.jpg,heavily,shirt,synthetic_fiber,heavily_worn
heavily_worn_trouser_c63bf5e36905.jpg,heavily,trouser,synthetic_fiber,heavily_worn
